-- Random demo seed data for additional analysis
-- Adds utility, travel, and SAP ingestion jobs with mixed statuses and audit events.

INSERT INTO ingestion_jobs (id, tenant_id, source_type, file_name, status, total_rows, parsed_rows, failed_rows, error_details, uploaded_by, created_at, completed_at)
VALUES
  (
    '33333333-1111-1111-1111-111111111111',
    '00000000-0000-0000-0000-000000000001',
    'utility',
    'electricity_jan_2024.csv',
    'completed',
    5,
    5,
    0,
    '[]'::jsonb,
    NULL,
    now() - interval '75 days',
    now() - interval '74 days'
  ),
  (
    '33333333-2222-2222-2222-222222222222',
    '00000000-0000-0000-0000-000000000001',
    'travel',
    'travel_march_2024.csv',
    'completed',
    6,
    6,
    0,
    '[]'::jsonb,
    NULL,
    now() - interval '60 days',
    now() - interval '59 days'
  ),
  (
    '33333333-3333-3333-3333-333333333333',
    '00000000-0000-0000-0000-000000000001',
    'sap',
    'sap_feb_2024.csv',
    'completed',
    4,
    4,
    0,
    '[]'::jsonb,
    NULL,
    now() - interval '50 days',
    now() - interval '49 days'
  )
ON CONFLICT (id) DO NOTHING;

INSERT INTO emission_records (
  id,
  tenant_id,
  job_id,
  source_type,
  scope,
  category,
  period_start,
  period_end,
  meter_id,
  tariff_code,
  raw_quantity,
  raw_unit,
  raw_date,
  normalized_quantity,
  normalized_unit,
  emission_factor_kgco2e,
  co2e_kg,
  status,
  flags,
  raw_row,
  source_row_hash,
  source_row_index,
  created_at
) VALUES
  (
    '44444444-1111-1111-1111-111111111111',
    '00000000-0000-0000-0000-000000000001',
    '33333333-1111-1111-1111-111111111111',
    'utility',
    2,
    'electricity',
    '2024-01-01',
    '2024-01-31',
    'MTR-A-001',
    'TARIFF-E1',
    8200,
    'kWh',
    '2024-01-31',
    8200,
    'kWh',
    0.233,
    1908.6,
    'approved',
    '[]'::jsonb,
    ('{"Meter":"MTR-A-001","Quantity":8200,"Unit":"kWh","Billing Period":"2024-01-01 to 2024-01-31"}')::jsonb,
    md5('utility-1'),
    1,
    now() - interval '74 days'
  ),
  (
    '44444444-2222-2222-2222-222222222222',
    '00000000-0000-0000-0000-000000000001',
    '33333333-1111-1111-1111-111111111111',
    'utility',
    2,
    'electricity',
    '2024-01-01',
    '2024-01-31',
    'MTR-A-002',
    'TARIFF-E1',
    5400,
    'kWh',
    '2024-01-31',
    5400,
    'kWh',
    0.233,
    1258.2,
    'pending',
    '[]'::jsonb,
    ('{"Meter":"MTR-A-002","Quantity":5400,"Unit":"kWh","Billing Period":"2024-01-01 to 2024-01-31"}')::jsonb,
    md5('utility-2'),
    2,
    now() - interval '74 days'
  ),
  (
    '44444444-3333-3333-3333-333333333333',
    '00000000-0000-0000-0000-000000000001',
    '33333333-1111-1111-1111-111111111111',
    'utility',
    2,
    'electricity',
    '2024-01-01',
    '2024-01-31',
    'MTR-B-001',
    'TARIFF-E2',
    13200,
    'kWh',
    '2024-01-31',
    13200,
    'kWh',
    0.233,
    3075.6,
    'flagged',
    ('["high_usage"]')::jsonb,
    ('{"Meter":"MTR-B-001","Quantity":13200,"Unit":"kWh","Billing Period":"2024-01-01 to 2024-01-31"}')::jsonb,
    md5('utility-3'),
    3,
    now() - interval '74 days'
  ),
  (
    '44444444-4444-4444-4444-444444444444',
    '00000000-0000-0000-0000-000000000001',
    '33333333-1111-1111-1111-111111111111',
    'utility',
    2,
    'electricity',
    '2024-01-01',
    '2024-01-31',
    'MTR-C-001',
    'TARIFF-E1',
    4200,
    'kWh',
    '2024-01-31',
    4200,
    'kWh',
    0.233,
    978.6,
    'approved',
    '[]'::jsonb,
    ('{"Meter":"MTR-C-001","Quantity":4200,"Unit":"kWh","Billing Period":"2024-01-01 to 2024-01-31"}')::jsonb,
    md5('utility-4'),
    4,
    now() - interval '74 days'
  ),
  (
    '44444444-5555-5555-5555-555555555555',
    '00000000-0000-0000-0000-000000000001',
    '33333333-1111-1111-1111-111111111111',
    'utility',
    2,
    'electricity',
    '2024-01-01',
    '2024-01-31',
    'MTR-C-002',
    'TARIFF-E2',
    6100,
    'kWh',
    '2024-01-31',
    6100,
    'kWh',
    0.233,
    1421.3,
    'pending',
    '[]'::jsonb,
    ('{"Meter":"MTR-C-002","Quantity":6100,"Unit":"kWh","Billing Period":"2024-01-01 to 2024-01-31"}')::jsonb,
    md5('utility-5'),
    5,
    now() - interval '74 days'
  ),
  (
    '44444444-6666-6666-6666-666666666666',
    '00000000-0000-0000-0000-000000000001',
    '33333333-2222-2222-2222-222222222222',
    'travel',
    3,
    'flight',
    '2024-03-10',
    '2024-03-10',
    '',
    '',
    1,
    'ticket',
    '2024-03-10',
    5540,
    'km',
    0.115,
    637.1,
    'approved',
    '[]'::jsonb,
    ('{"Origin":"JFK","Destination":"LHR","Distance_km":5540,"Transport Mode":"flight"}')::jsonb,
    md5('travel-1'),
    1,
    now() - interval '59 days'
  ),
  (
    '44444444-7777-7777-7777-777777777777',
    '00000000-0000-0000-0000-000000000001',
    '33333333-2222-2222-2222-222222222222',
    'travel',
    3,
    'hotel',
    '2024-03-11',
    '2024-03-15',
    '',
    '',
    5,
    'nights',
    '2024-03-15',
    5,
    'nights',
    32,
    160,
    'pending',
    '[]'::jsonb,
    ('{"Hotel":"Heathrow Stay","Nights":5,"City":"London"}')::jsonb,
    md5('travel-2'),
    2,
    now() - interval '59 days'
  ),
  (
    '44444444-8888-8888-8888-888888888888',
    '00000000-0000-0000-0000-000000000001',
    '33333333-2222-2222-2222-222222222222',
    'travel',
    3,
    'ground',
    '2024-03-16',
    '2024-03-16',
    '',
    '',
    120,
    'km',
    '2024-03-16',
    120,
    'km',
    0.20,
    24,
    'pending',
    '[]'::jsonb,
    ('{"Origin":"LHR","Destination":"LGW","Distance_km":120,"Transport Mode":"coach"}')::jsonb,
    md5('travel-3'),
    3,
    now() - interval '59 days'
  ),
  (
    '44444444-9999-9999-9999-999999999999',
    '00000000-0000-0000-0000-000000000001',
    '33333333-2222-2222-2222-222222222222',
    'travel',
    3,
    'flight',
    '2024-03-18',
    '2024-03-18',
    '',
    '',
    1,
    'ticket',
    '2024-03-18',
    8270,
    'km',
    0.115,
    951.05,
    'flagged',
    ('["long_haul"]')::jsonb,
    ('{"Origin":"SFO","Destination":"NRT","Distance_km":8270,"Transport Mode":"flight"}')::jsonb,
    md5('travel-4'),
    4,
    now() - interval '59 days'
  ),
  (
    '44444444-aaaa-aaaa-aaaa-aaaaaaaaaaaa',
    '00000000-0000-0000-0000-000000000001',
    '33333333-2222-2222-2222-222222222222',
    'travel',
    3,
    'hotel',
    '2024-03-19',
    '2024-03-21',
    '',
    '',
    3,
    'nights',
    '2024-03-21',
    3,
    'nights',
    28,
    84,
    'pending',
    '[]'::jsonb,
    ('{"Hotel":"Tokyo Midtown","Nights":3,"City":"Tokyo"}')::jsonb,
    md5('travel-5'),
    5,
    now() - interval '59 days'
  ),
  (
    '44444444-bbbb-bbbb-bbbb-bbbbbbbbbbbb',
    '00000000-0000-0000-0000-000000000001',
    '33333333-2222-2222-2222-222222222222',
    'travel',
    3,
    'ground',
    '2024-03-22',
    '2024-03-22',
    '',
    '',
    45,
    'km',
    '2024-03-22',
    45,
    'km',
    0.17,
    7.65,
    'approved',
    '[]'::jsonb,
    ('{"Origin":"HND","Destination":"NRT","Distance_km":45,"Transport Mode":"taxi"}')::jsonb,
    md5('travel-6'),
    6,
    now() - interval '59 days'
  ),
  (
    '44444444-cccc-cccc-cccc-cccccccccccc',
    '00000000-0000-0000-0000-000000000001',
    '33333333-3333-3333-3333-333333333333',
    'sap',
    1,
    'diesel',
    '2024-02-01',
    '2024-02-28',
    'PLANT_DE02',
    'CC-4200',
    1500,
    'L',
    '2024-02-10',
    1500,
    'L',
    2.68,
    4020,
    'approved',
    '[]'::jsonb,
    ('{"Plant":"PLANT_DE02","Cost Center":"CC-4200","Material Number":"MAT-DIESEL-03","Vendor":"Shell GmbH","Quantity":1500,"Unit":"L","Posting Date":"2024-02-10"}')::jsonb,
    md5('sap-1'),
    1,
    now() - interval '49 days'
  ),
  (
    '44444444-dddd-dddd-dddd-dddddddddddd',
    '00000000-0000-0000-0000-000000000001',
    '33333333-3333-3333-3333-333333333333',
    'sap',
    1,
    'petrol',
    '2024-02-01',
    '2024-02-28',
    'PLANT_DE02',
    'CC-4200',
    900,
    'L',
    '2024-02-12',
    900,
    'L',
    2.31,
    2079,
    'pending',
    '[]'::jsonb,
    ('{"Plant":"PLANT_DE02","Cost Center":"CC-4200","Material Number":"MAT-PETROL-05","Vendor":"BP AG","Quantity":900,"Unit":"L","Posting Date":"2024-02-12"}')::jsonb,
    md5('sap-2'),
    2,
    now() - interval '49 days'
  ),
  (
    '44444444-eeee-eeee-eeee-eeeeeeeeeeee',
    '00000000-0000-0000-0000-000000000001',
    '33333333-3333-3333-3333-333333333333',
    'sap',
    1,
    'lpg',
    '2024-02-01',
    '2024-02-28',
    'PLANT_DE02',
    'CC-4200',
    600,
    'KG',
    '2024-02-13',
    600,
    'KG',
    1.51,
    906,
    'pending',
    '[]'::jsonb,
    ('{"Plant":"PLANT_DE02","Cost Center":"CC-4200","Material Number":"MAT-LPG-02","Vendor":"Progas","Quantity":600,"Unit":"KG","Posting Date":"2024-02-13"}')::jsonb,
    md5('sap-3'),
    3,
    now() - interval '49 days'
  ),
  (
    '44444444-ffff-ffff-ffff-ffffffffffff',
    '00000000-0000-0000-0000-000000000001',
    '33333333-3333-3333-3333-333333333333',
    'sap',
    1,
    'diesel',
    '2024-02-01',
    '2024-02-28',
    'PLANT_US05',
    'CC-5100',
    1900,
    'L',
    '2024-02-20',
    1900,
    'L',
    2.68,
    5092,
    'flagged',
    ('["high_volume"]')::jsonb,
    ('{"Plant":"PLANT_US05","Cost Center":"CC-5100","Material Number":"MAT-DIESEL-04","Vendor":"Petro Corp","Quantity":1900,"Unit":"L","Posting Date":"2024-02-20"}')::jsonb,
    md5('sap-4'),
    4,
    now() - interval '49 days'
  )
ON CONFLICT (id) DO NOTHING;

INSERT INTO audit_log (
  id,
  record_id,
  tenant_id,
  action,
  actor,
  old_value,
  new_value,
  note,
  created_at
) VALUES
  (
    '55555555-1111-1111-1111-111111111111',
    '44444444-3333-3333-3333-333333333333',
    '00000000-0000-0000-0000-000000000001',
    'flagged',
    NULL,
    '{"status":"pending"}'::jsonb,
    '{"status":"flagged"}'::jsonb,
    'High utility usage flagged for review',
    now() - interval '74 days'
  ),
  (
    '55555555-2222-2222-2222-222222222222',
    '44444444-9999-9999-9999-999999999999',
    '00000000-0000-0000-0000-000000000001',
    'approved',
    '{"status":"pending"}'::jsonb,
    '{"status":"approved"}'::jsonb,
    'Tokyo taxi ride approved',
    now() - interval '59 days'
  ),
  (
    '55555555-3333-3333-3333-333333333333',
    '44444444-ffff-ffff-ffff-ffffffffffff',
    '00000000-0000-0000-0000-000000000001',
    'flagged',
    '{"status":"pending"}'::jsonb,
    '{"status":"flagged"}'::jsonb,
    'High diesel purchase volume flagged for further validation',
    now() - interval '49 days'
  )
ON CONFLICT (id) DO NOTHING;
